stage,pose,dist_mm,corner_px,rms_px,rot_err_deg,trans_err_mm,vs_opencv_deg,dist_m,detected,tag_px,rot_err_best_of_two_deg,depth_err_mm,rel_depth_pct,tilt_deg,two_solutions_pct,better_fit_is_wrong_pct,median_rms_ratio,shipped_err_deg,oracle_err_deg,rms_best,rms_second,err_best_deg,err_second_deg,normals_apart_deg,n,mean_deg,median_deg,p90_deg,over_10deg_pct,ratio_threshold,kept_pct,corr_log_ratio_vs_log_err,wrong_pick_pct_ratio_below_1p2,wrong_pick_pct_ratio_above_2,n_tags,tags_found,size_err_pct,depth_err_pct,camera,subpixel,corner_err_px
detect,0,450,0.239,0.075,0.281,1.37,0.02711,,,,,,,,,,,,,,,,,,,,,,,,,,,,,,,,,,
detect,1,300,0.223,0.061,0.18,0.29,0.01829,,,,,,,,,,,,,,,,,,,,,,,,,,,,,,,,,,
detect,2,800,0.229,0.019,0.831,1.76,0.05447,,,,,,,,,,,,,,,,,,,,,,,,,,,,,,,,,,
detect,3,550,0.336,0.147,0.662,3.6,0.05635,,,,,,,,,,,,,,,,,,,,,,,,,,,,,,,,,,
distance,,,,,0.133,,,0.25,8,120.3,0.133,0.35,0.138,,,,,,,,,,,,,,,,,,,,,,,,,,,,
distance,,,,,0.194,,,0.35,8,86.0,0.194,0.54,0.154,,,,,,,,,,,,,,,,,,,,,,,,,,,,
distance,,,,,0.318,,,0.5,8,60.2,0.318,1.3,0.26,,,,,,,,,,,,,,,,,,,,,,,,,,,,
distance,,,,,0.4,,,0.7,8,42.9,0.4,3.15,0.45,,,,,,,,,,,,,,,,,,,,,,,,,,,,
distance,,,,,0.56,,,1.0,8,30.0,0.56,5.87,0.587,,,,,,,,,,,,,,,,,,,,,,,,,,,,
distance,,,,,40.246,,,1.4,8,21.0,2.94,19.0,1.357,,,,,,,,,,,,,,,,,,,,,,,,,,,,
distance,,,,,41.816,,,2.0,8,13.8,4.939,163.13,8.157,,,,,,,,,,,,,,,,,,,,,,,,,,,,
distance,,,,,32.157,,,2.8,4,10.1,4.788,185.99,6.643,,,,,,,,,,,,,,,,,,,,,,,,,,,,
ambiguity_tilt,,,,,,,,1.2,,,,,,3,81.7,55.1,1.62,11.48,9.53,,,,,,,,,,,,,,,,,,,,,,
ambiguity_tilt,,,,,,,,1.2,,,,,,6,77.5,47.3,1.529,11.78,8.26,,,,,,,,,,,,,,,,,,,,,,
ambiguity_tilt,,,,,,,,1.2,,,,,,9,82.5,31.3,1.557,10.12,6.5,,,,,,,,,,,,,,,,,,,,,,
ambiguity_tilt,,,,,,,,1.2,,,,,,12,93.3,41.1,1.701,13.21,5.37,,,,,,,,,,,,,,,,,,,,,,
ambiguity_tilt,,,,,,,,1.2,,,,,,16,98.3,28.0,1.852,12.22,4.8,,,,,,,,,,,,,,,,,,,,,,
ambiguity_tilt,,,,,,,,1.2,,,,,,20,100.0,25.8,1.791,12.69,3.14,,,,,,,,,,,,,,,,,,,,,,
ambiguity_tilt,,,,,,,,1.2,,,,,,25,100.0,21.7,1.953,12.7,2.55,,,,,,,,,,,,,,,,,,,,,,
ambiguity_tilt,,,,,,,,1.2,,,,,,30,100.0,15.0,2.221,10.89,2.26,,,,,,,,,,,,,,,,,,,,,,
ambiguity_tilt,,,,,,,,1.2,,,,,,40,100.0,9.2,2.435,8.9,1.74,,,,,,,,,,,,,,,,,,,,,,
ambiguity_tilt,,,,,,,,1.2,,,,,,50,100.0,5.8,2.397,7.31,1.56,,,,,,,,,,,,,,,,,,,,,,
ambiguity_tilt,,,,,,,,1.2,,,,,,60,100.0,7.5,2.832,10.13,1.21,,,,,,,,,,,,,,,,,,,,,,
ambiguity_dist,,,,,,,,0.4,,79.3,,,,15,20.0,0.0,4.324,1.28,1.28,,,,,,,,,,,,,,,,,,,,,,
ambiguity_dist,,,,,,,,0.6,,52.9,,,,15,96.7,0.9,3.872,2.35,2.14,,,,,,,,,,,,,,,,,,,,,,
ambiguity_dist,,,,,,,,0.9,,35.3,,,,15,96.7,12.1,2.355,6.32,3.26,,,,,,,,,,,,,,,,,,,,,,
ambiguity_dist,,,,,,,,1.2,,26.5,,,,15,97.5,29.9,1.782,11.99,4.43,,,,,,,,,,,,,,,,,,,,,,
ambiguity_dist,,,,,,,,1.6,,19.9,,,,15,95.8,40.9,1.388,15.62,5.7,,,,,,,,,,,,,,,,,,,,,,
ambiguity_dist,,,,,,,,2.0,,15.9,,,,15,92.5,45.0,1.331,18.0,7.94,,,,,,,,,,,,,,,,,,,,,,
ambiguity_dist,,,,,,,,2.6,,12.2,,,,15,99.2,52.1,1.163,21.31,8.95,,,,,,,,,,,,,,,,,,,,,,
ambiguity_example,,,,,,,,0.75,,,,,,12,,,,,,0.0526,0.3047,0.53,22.35,22.28,,,,,,,,,,,,,,,,,
cure_none,,,,,,,,,,,,,,,,,,,,,,,,,250,10.922,5.67,30.132,32.8,,,,,,,,,,,,
cure_reject,,,,,,,,,,,,,,,,,,,,,,,,,,10.874,5.643,30.08,32.9,1.1,94.8,,,,,,,,,,
cure_reject,,,,,,,,,,,,,,,,,,,,,,,,,,10.253,5.309,28.467,30.4,1.3,82.8,,,,,,,,,,
cure_reject,,,,,,,,,,,,,,,,,,,,,,,,,,10.915,5.452,30.152,33.1,1.6,65.2,,,,,,,,,,
cure_reject,,,,,,,,,,,,,,,,,,,,,,,,,,11.055,5.484,30.845,32.8,2.0,47.6,,,,,,,,,,
cure_reject,,,,,,,,,,,,,,,,,,,,,,,,,,10.476,6.129,24.081,35.6,3.0,23.6,,,,,,,,,,
cure_reject_corr,,,,,,,,,,,,,,,,,,,,,,,,,,,,,,,,-0.057,46.7,21.8,,,,,,,
cure_plate,,,,,,,,,,,,,,,,,,,,,,,,,,4.616,1.079,4.95,9.6,,,,,,4,,,,,,
cure_plate_rendered,,,,,0.708,3.12,,,,,,,,,,,,,,,,,,,,,,,,,,,,,,4,,,,,
wrong_size,,,,,0.6215,,,,,,,,,,,,,,,,,,,,,,,,,,,,,,,,-5,-4.991,,,
wrong_size,,,,,0.6535,,,,,,,,,,,,,,,,,,,,,,,,,,,,,,,,-2,-2.016,,,
wrong_size,,,,,0.6802,,,,,,,,,,,,,,,,,,,,,,,,,,,,,,,,0,-0.045,,,
wrong_size,,,,,0.5827,,,,,,,,,,,,,,,,,,,,,,,,,,,,,,,,2,1.969,,,
wrong_size,,,,,0.6468,,,,,,,,,,,,,,,,,,,,,,,,,,,,,,,,5,5.062,,,
wrong_camera,,,,,0.79,,,,,,,,,,,,,,,,,,,,,,,,,,,,,,,,,0.046,correct,,
wrong_camera,,,,,1.819,,,,,,,,,,,,,,,,,,,,,,,,,,,,,,,,,-12.069,fronto-parallel calib (fx 11% low),,
wrong_camera,,,,,4.885,,,,,,,,,,,,,,,,,,,,,,,,,,,,,,,,,3.671,no distortion model,,
refinement,,,,,1.484,14.49,,,,,,,,,,,,,,,,,,,12,,,,,,,,,,,,,,,False,0.689
refinement,,,,,0.359,2.69,,,,,,,,,,,,,,,,,,,12,,,,,,,,,,,,,,,True,0.206
